scenario,run,http_code,dns,connect,tls,ttfb,total,size_bytes
baseline-full,1,200,0.003174,0.108095,0.187619,0.404109,0.404577,26525
baseline-full,2,200,0.003394,0.038773,0.197827,0.387729,0.388633,26525
baseline-full,3,200,0.004376,0.038792,0.118080,0.339362,0.339922,26525
baseline-full,4,200,0.003659,0.043292,0.116288,0.311534,0.312904,26525
baseline-full,5,200,0.003060,0.119922,0.201127,0.386233,0.386925,26525
baseline-full,6,200,0.003158,0.038100,0.111632,0.304892,0.306434,26525
baseline-full,7,200,0.003030,0.038796,0.181653,0.463316,0.463771,26525
baseline-full,8,200,0.003731,0.037815,0.113965,0.302634,0.303179,26525
baseline-full,9,200,0.003285,0.118375,0.193404,0.390775,0.391361,26525
baseline-full,10,200,0.002756,0.036215,0.109538,0.299215,0.299883,26525
range-7d,1,200,0.003200,0.114898,0.192181,0.333360,0.333629,1132
range-7d,2,200,0.003315,0.039228,0.116909,0.274067,0.274311,1132
range-7d,3,200,0.003255,0.047299,0.122534,0.253423,0.253678,1132
range-7d,4,200,0.005421,1.058324,1.136932,1.281862,1.282026,1132
range-7d,5,200,0.004731,1.042095,1.122928,1.255854,1.256220,1132
range-7d,6,200,0.002684,0.060937,0.289366,0.418577,0.418851,1132
range-7d,7,200,0.003626,0.042131,0.124290,0.318384,0.318618,1132
range-7d,8,200,0.005745,0.036904,0.107255,0.237711,0.237986,1132
range-7d,9,200,0.004334,0.041324,0.119694,0.244321,0.244557,1132
range-7d,10,200,0.002812,0.038002,0.114439,0.241964,0.242224,1132
range-1m,1,200,0.004902,0.039635,0.111799,0.319116,0.319456,1132
range-1m,2,200,0.006554,0.040917,0.115335,0.272634,0.272909,1132
range-1m,3,200,0.003100,0.042722,0.193533,0.320621,0.320789,1132
range-1m,4,200,0.002291,0.037340,0.114662,0.253263,0.253513,1132
range-1m,5,200,0.003508,0.122626,0.205355,0.328485,0.328585,1132
range-1m,6,200,0.003075,0.036214,0.103747,0.272935,0.273074,1132
range-1m,7,200,0.003333,0.038198,0.111521,0.240157,0.240346,1132
range-1m,8,200,0.004820,0.039913,0.120146,0.250652,0.250826,1132
range-1m,9,200,0.003135,0.036441,0.115793,0.244614,0.244785,1132
range-1m,10,200,0.002858,0.035400,0.133772,0.352047,0.352278,1132
range-3m,1,200,0.002310,0.038037,0.118064,0.281731,0.281893,1132
range-3m,2,200,0.005596,0.037949,0.209288,0.377538,0.377714,1132
range-3m,3,200,0.003124,0.034996,0.107336,0.291276,0.291417,1132
range-3m,4,200,0.004477,0.037475,0.111256,0.641485,0.641748,1132
range-3m,5,200,0.004133,0.046181,0.119754,0.364814,0.365020,1132
range-3m,6,200,0.003229,0.040555,0.119276,0.281514,0.281628,1132
range-3m,7,200,0.002332,0.037968,0.210459,0.379444,0.379969,1132
range-3m,8,200,0.003136,0.042741,0.118258,0.320990,0.321328,1132
range-3m,9,200,0.003152,0.038277,0.112733,0.285134,0.285309,1132
range-3m,10,200,0.005819,0.040337,0.187109,0.332476,0.332737,1132
range-1y,1,200,0.003088,0.041940,0.121060,0.264570,0.264870,5643
range-1y,2,200,0.003498,0.050482,0.122630,0.258579,0.258761,5643
range-1y,3,200,0.003087,0.038233,0.110271,0.247267,0.247588,5643
range-1y,4,200,0.003148,0.038736,0.202858,0.459812,0.460025,5643
range-1y,5,200,0.002887,0.043005,0.115604,0.250911,0.251101,5643
range-1y,6,200,0.002900,0.035950,0.105643,0.242737,0.243037,5643
range-1y,7,200,0.003182,0.040570,0.118443,0.254329,0.254589,5643
range-1y,8,200,0.003344,0.039218,0.118593,0.262833,0.263107,5643
range-1y,9,200,0.002821,0.096890,0.346055,0.478990,0.479207,5643
range-1y,10,200,0.002618,0.049376,0.210753,0.344721,0.344982,5643
range-full,1,200,0.003546,0.042544,0.498717,0.693050,0.693762,26525
range-full,2,200,0.002570,0.100298,0.409435,0.599048,0.599591,26525
range-full,3,200,0.005740,0.040189,0.208494,0.523771,0.524443,26525
range-full,4,200,0.004176,0.289323,0.378023,0.562554,0.569491,26525
range-full,5,200,0.005861,0.094271,0.172495,0.364279,0.364683,26525
range-full,6,200,0.002503,0.035454,0.104699,0.295389,0.295924,26525
range-full,7,200,0.002646,0.091007,0.176712,0.408814,0.446844,26525
range-full,8,200,0.003698,0.038545,0.114560,0.303974,0.304427,26525
range-full,9,200,0.003146,0.121591,0.198695,0.353696,0.395560,26525
range-full,10,200,0.003251,0.039069,0.116080,0.308689,0.310125,26525
inc-sr,1,200,0.002649,0.111878,0.188717,0.330722,0.331013,22109
inc-sr,2,200,0.002256,0.037057,0.116924,0.287448,0.287748,22109
inc-sr,3,200,0.002882,0.035219,0.105992,0.236276,0.236739,22109
inc-sr,4,200,0.003331,0.038280,0.201682,0.344285,0.345646,22109
inc-sr,5,200,0.003104,0.036340,0.106357,0.246621,0.248833,22109
inc-sr,6,200,0.002827,0.114301,0.208254,0.347007,0.347454,22109
inc-sr,7,200,0.003685,0.040188,0.121679,0.274276,0.274709,22109
inc-sr,8,200,0.003570,0.037828,0.112378,0.244164,0.247089,22109
inc-sr,9,200,0.002856,0.039176,0.187579,0.324739,0.325082,22109
inc-sr,10,200,0.003014,0.039942,0.116797,0.253006,0.254031,22109
inc-gr,1,200,0.003354,0.037725,0.109508,0.197883,0.198054,5526
inc-gr,2,200,0.002503,0.120580,0.196652,0.286290,0.286511,5526
inc-gr,3,200,0.003562,0.040391,0.121752,0.304202,0.304425,5526
inc-gr,4,200,0.002281,0.034842,0.108858,0.198065,0.198399,5526
inc-gr,5,200,0.004128,0.043371,0.119552,0.274888,0.275208,5526
inc-gr,6,200,0.003143,0.039949,0.121871,0.213481,0.213746,5526
inc-gr,7,200,0.002885,0.037068,0.113836,0.263303,0.263601,5526
inc-gr,8,200,0.004479,0.038460,0.116996,0.210281,0.210614,5526
inc-gr,9,200,0.003351,0.035017,0.107955,0.245027,0.245481,5526
inc-gr,10,200,0.003690,0.041874,0.123712,0.215378,0.215768,5526
inc-sa,1,200,0.003304,0.038656,0.173725,0.272534,0.272719,1117
inc-sa,2,200,0.002878,0.038189,0.209916,0.316014,0.316199,1117
inc-sa,3,200,0.003103,0.039799,0.116027,0.228836,0.229147,1117
inc-sa,4,200,0.003919,0.126832,0.209957,0.309308,0.309462,1117
inc-sa,5,200,0.003646,0.038802,0.114073,0.216655,0.216880,1117
inc-sa,6,200,0.005793,0.110445,0.183943,0.314060,0.314358,1117
inc-sa,7,200,0.003166,0.043206,0.123954,0.251731,0.252011,1117
inc-sa,8,200,0.004201,0.037945,0.113754,0.213926,0.214196,1117
inc-sa,9,200,0.003249,0.043590,0.249546,0.352735,0.352924,1117
inc-sa,10,200,0.003368,0.039598,0.115882,0.221007,0.221226,1117
inc-it,1,200,0.008983,0.047324,0.121683,0.208010,0.208160,1117
inc-it,2,200,0.002850,0.121333,0.196552,0.306298,0.306453,1117
inc-it,3,200,0.003000,0.035368,0.108240,0.212293,0.212831,1117
inc-it,4,200,0.003370,0.107350,0.183043,0.269979,0.270179,1117
inc-it,5,200,0.002686,0.036771,0.107739,0.189042,0.189207,1117
inc-it,6,200,0.003505,0.102356,0.183205,0.275194,0.275446,1117
inc-it,7,200,0.003211,0.039202,0.113249,0.196385,0.196562,1117
inc-it,8,200,0.003326,0.130212,0.209804,0.303503,0.303698,1117
inc-it,9,200,0.002714,0.036082,0.113576,0.207843,0.208088,1117
inc-it,10,200,0.003004,0.084041,0.163843,0.264824,0.264971,1117
inc-sr+gr,1,200,0.002598,0.035606,0.105376,0.340705,0.340973,26515
inc-sr+gr,2,200,0.002167,0.034582,0.102832,0.220291,0.254711,26515
inc-sr+gr,3,200,0.004038,0.038010,0.114686,0.276141,0.276330,26515
inc-sr+gr,4,200,0.002105,0.041066,0.195281,0.309622,0.347523,26515
inc-sr+gr,5,200,0.004374,0.101153,0.178904,0.338235,0.338851,26515
inc-sr+gr,6,200,0.002643,0.050678,0.132399,0.298580,0.299082,26515
inc-sr+gr,7,200,0.003533,0.037417,0.107853,0.253884,0.254223,26515
inc-sr+gr,8,200,0.002437,0.036223,0.183887,0.339656,0.341294,26515
inc-sr+gr,9,200,0.003340,0.038434,0.116930,0.236125,0.341681,26515
inc-sr+gr,10,200,0.003146,0.037347,0.113175,0.262447,0.262944,26515
inc-all4,1,200,0.003322,0.035942,0.109262,0.295940,0.296447,26525
inc-all4,2,200,0.003989,0.043843,0.122168,0.317258,0.317770,26525
inc-all4,3,200,0.004576,0.106060,0.183386,0.437077,0.437577,26525
inc-all4,4,200,0.003188,0.300930,0.431739,0.684579,0.685117,26525
inc-all4,5,200,0.003263,0.038822,0.116123,0.310474,0.311009,26525
inc-all4,6,200,0.003369,0.038958,0.209932,0.399180,0.399748,26525
inc-all4,7,200,0.003520,0.035817,0.106254,0.291070,0.291832,26525
inc-all4,8,200,0.003213,0.039550,0.115721,0.267153,0.303754,26525
inc-all4,9,200,0.006157,0.114852,0.193037,0.395838,0.396436,26525
inc-all4,10,200,0.003124,0.036013,0.108144,0.470032,0.470599,26525
conc-5vu,1,200,,,,0.453865,0.454362,26525
conc-5vu,2,200,,,,0.518297,0.525708,26525
conc-5vu,3,200,,,,0.525525,0.559788,26525
conc-5vu,4,200,,,,0.566935,0.577770,26525
conc-5vu,5,200,,,,0.605618,0.605868,26525
conc-5vu,6,200,,,,0.276789,0.311927,26525
conc-5vu,7,200,,,,0.396602,0.396807,26525
conc-5vu,8,200,,,,0.361780,0.394599,26525
conc-5vu,9,200,,,,0.393668,0.433809,26525
conc-5vu,10,200,,,,0.478762,0.515139,26525
conc-5vu,11,200,,,,0.425858,0.426172,26525
conc-5vu,12,200,,,,0.364867,0.365104,26525
conc-5vu,13,200,,,,0.359979,0.360201,26525
conc-5vu,14,200,,,,0.415332,0.453826,26525
conc-5vu,15,200,,,,0.430321,0.430566,26525
conc-5vu,16,200,,,,0.328849,0.362563,26525
conc-5vu,17,200,,,,0.399099,0.433793,26525
conc-5vu,18,200,,,,0.456246,0.459125,26525
conc-5vu,19,200,,,,0.352432,0.393908,26525
conc-5vu,20,200,,,,0.377341,0.417826,26525
conc-5vu,21,200,,,,0.555031,0.591318,26525
conc-5vu,22,200,,,,0.312551,0.312817,26525
conc-5vu,23,200,,,,0.358595,0.358879,26525
conc-5vu,24,200,,,,0.361377,0.361776,26525
conc-5vu,25,200,,,,0.339836,0.340340,26525
